id;Active (0/1);Name*;Categories (x,y,z,...);Price tax excl. Or Price tax excl;Tax rules id;Wholesale price;On sale (0/1);Discount amount;Discount percent;Discount from (yyy-mm-dd);Discount to (yyy-mm-dd);Reference #;Supplier reference #;Supplier;Manufacturer;EAN13;UPC;Ecotax;Weight;Quantity;Short description;Description;Tags (x,y,z,...);Meta-title;Meta-keywords;Meta-description;URL rewritten;Text when in-stock;Text if back-order allowed;Image URLs (x,y,z,...);Feature;Only available online
;1;FOSTER CLARKS VANILLA POWDER 15G;Home;4.5000;;;;;;;;;;;;5352101800191;;;;;;;;;;;;In stock;;;;
;1;GILLET SERIES GEL EXTRA COMFORT 200ML;Home;"17;00";;;;;;;;;;;;3014260307387;;;;;;;;;;;;In stock;;;;
;1;KIWI HI-SHINE SPONGES;Home;"7;00";;;;;;;;;;;;3181730162002;;;;;;;;;;;;In stock;;;;
;1;HE SHAMPOO DAZZLING SHINE 200ML;Home;8.7500;;;;;;;;;;;;5011321609631;;;;;;;;;;;;In stock;;;;
;1;CADBURY CURLY WURLY 26G;Home;1.7500;;;;;;;;;;;;5034660505181;;;;;;;;;;;;In stock;;;;
;1;MAGGI BEEF STOCK 22G;Home;1.0000;;;;;;;;;;;;6221007004073;;;;;;;;;;;;In stock;;;;
;1;AMERICANA HUMBURGER 4PCS;Home;8.5000;;;;;;;;;;;;6281050113054;;;;;;;;;;;;In stock;;;;
;1;AMERICANA CHICKEN BURGER 200G;Home;7.5000;;;;;;;;;;;;6281050114297;;;;;;;;;;;;In stock;;;;
;1;AMERICANA CHICKEN NUGGETS 270G;Home;13.5000;;;;;;;;;;;;6281050114082;;;;;;;;;;;;In stock;;;;
;1;AMERICANA CHICKEN NUGGETS CHEESE 400G;Home;20.0000;;;;;;;;;;;;6281050114235;;;;;;;;;;;;In stock;;;;
;1;AMERICANA CRAZY NUGGETS 400G;Home;20.0000;;;;;;;;;;;;6281050114105;;;;;;;;;;;;In stock;;;;
;1;AMERICANA BEEF FRANKFURTERS 400G;Home;13.2500;;;;;;;;;;;;6281050117014;;;;;;;;;;;;In stock;;;;
;1;AMERICANA SHISH KABABS BEEF 320G;Home;11.5000;;;;;;;;;;;;6281050115058;;;;;;;;;;;;In stock;;;;
;1;AMERICANA BEEF HOT DOG 450G;Home;13.7500;;;;;;;;;;;;6281050117021;;;;;;;;;;;;In stock;;;;
;1;AMERICANA HAMBURGER 8PCS;Home;14.5000;;;;;;;;;;;;6281050113047;;;;;;;;;;;;In stock;;;;
;1;CLOROX REGULAR 1G;Home;19.7500;;;;;;;;;;;;6281065011284;;;;;;;;;;;;In stock;;;;
;1;CLOROX FOR COLOR 0.95L;Home;13.0000;;;;;;;;;;;;6281065063207;;;;;;;;;;;;In stock;;;;
;1;AL RAWABI MILK FC 2L;Home;11.0000;;;;;;;;;;;;6291030200025;;;;;;;;;;;;In stock;;;;
;1;AL RAWABI MILK FC 250ML;Home;2.0000;;;;;;;;;;;;6291030200056;;;;;;;;;;;;In stock;;;;
;1;AL RAWABI YOGHURT 1KG;Home;7.5000;;;;;;;;;;;;6291030400241;;;;;;;;;;;;In stock;;;;
;1;AL RAWABI YOGHURT FC 170GM;Home;1.2500;;;;;;;;;;;;6291030400029;;;;;;;;;;;;In stock;;;;
;1;AL RAWABI MILK FC 500ML;Home;3.5000;;;;;;;;;;;;6291030200049;;;;;;;;;;;;In stock;;;;
;1;AL RAWABI MILK FC 1L;Home;6.7500;;;;;;;;;;;;6291030200032;;;;;;;;;;;;In stock;;;;
;1;PRIYA GARLIC PASTE 300G;Home;14.0000;;;;;;;;;;;;785018087235;;;;;;;;;;;;In stock;;;;
;1;KOKA CUP NOODLES BEEF 70G;Home;4.0000;;;;;;;;;;;;8888056705603;;;;;;;;;;;;In stock;;;;
;1;KOKA CUP NOODLES VEGETABLE 70G;Home;4.0000;;;;;;;;;;;;8888056707218;;;;;;;;;;;;In stock;;;;
;1;KIWI GLINT GLASS CLEAN 500ML;Home;9.0000;;;;;;;;;;;;5283000401014;;;;;;;;;;;;In stock;;;;
;1;POKKA SPORTS WATER 300ML;Home;3.2500;;;;;;;;;;;;8888196141118;;;;;;;;;;;;In stock;;;;
;1;AMERICANA BEEF MEAT BALLS 400G;Home;13.0000;;;;;;;;;;;;6281050115034;;;;;;;;;;;;In stock;;;;
;1;AL RAWABI LEMONONAD 500ML;Home;2.7500;;;;;;;;;;;;6291030108024;;;;;;;;;;;;In stock;;;;
;1;SCOTCH BRITE 3M TRIPLE NAILSAVER 2+1;Home;7.5000;;;;;;;;;;;;8690734354511;;;;;;;;;;;;In stock;;;;
;1;CREST CAVTY PROTECTION MINT  125G;Home;6.7500;;;;;;;;;;;;5000174422467;;;;;;;;;;;;In stock;;;;
;1;AMERICANA CHICKEN POPCORN 400G;Home;18.0000;;;;;;;;;;;;6281050114402;;;;;;;;;;;;In stock;;;;
;1;PRIYA GINGER PASTE 300G;Home;7.5000;;;;;;;;;;;;785018087228;;;;;;;;;;;;In stock;;;;
;1;AL AIN WATER 1.5L;Home;1.7500;;;;;;;;;;;;6291100850068;;;;;;;;;;;;In stock;;;;
;1;DUREX FETHERLITE 3s;Home;17.0000;;;;;;;;;;;;5010232953994;;;;;;;;;;;;In stock;;;;
;1;EFFECT ENERGY DRINK;Home;5.0000;;;;;;;;;;;;4025127020287;;;;;;;;;;;;In stock;;;;
;1;KELLOGGS SPECIAL K 30G;Home;3.5000;;;;;;;;;;;;5050083393945;;;;;;;;;;;;In stock;;;;
;1;ALWAYS ULTRA NIGHT 6;Home;5.7500;;;;;;;;;;;;4015400205319;;;;;;;;;;;;In stock;;;;
;1;CREST 3D WHITE 125ML;Home;10.7500;;;;;;;;;;;;5011321335356;;;;;;;;;;;;In stock;;;;
;1;H&S SHAMPOO REFRESHING 400ML;Home;22.7500;;;;;;;;;;;;5011321361058;;;;;;;;;;;;In stock;;;;
;1;H&S SHAMPOO FOR MEN 200ML;Home;12.0000;;;;;;;;;;;;5011321656352;;;;;;;;;;;;In stock;;;;
;1;AMERICANA JUMBO BURGER 4PCS;Home;13.0000;;;;;;;;;;;;6281050113214;;;;;;;;;;;;In stock;;;;
;1;AMERICANA SHISH TAOUK 400G;Home;19.5000;;;;;;;;;;;;6281050114303;;;;;;;;;;;;In stock;;;;
;1;AMERICANA CHICKEN CORDON BLUE 500G;Home;26.2500;;;;;;;;;;;;6281050114143;;;;;;;;;;;;In stock;;;;
;1;AMERICANA MINCED BEEF 400G;Home;8.5000;;;;;;;;;;;;6281050116024;;;;;;;;;;;;In stock;;;;
;1;BAHLSEN LEIBNIZ BISCUITS 100G;Home;5.0000;;;;;;;;;;;;4017100104503;;;;;;;;;;;;In stock;;;;
;1;BAHLSEN CHOCOLATE FRIENDS 100G;Home;11.0000;;;;;;;;;;;;4017100216800;;;;;;;;;;;;In stock;;;;
;1;S PELLEGRINO WATER 750ML;Home;7.0000;;;;;;;;;;;;8002270017520;;;;;;;;;;;;In stock;;;;
;1;HD MINI CUP MANGO CREAM 100ML;Home;8.0000;;;;;;;;;;;;3415583265147;;;;;;;;;;;;In stock;;;;
;1;TABASCO GREEN PEPPER SAUCE 150ML;Home;25.0000;;;;;;;;;;;;011210009219;;;;;;;;;;;;In stock;;;;
;1;PINAR LABNEH 200G;Home;9.0000;;;;;;;;;;;;8690565130704;;;;;;;;;;;;In stock;;;;
;1;PINAR LABANEH LIGHT 200G;Home;9.0000;;;;;;;;;;;;8690565130711;;;;;;;;;;;;In stock;;;;
;1;PINAR LABANEH 400G;Home;17.0000;;;;;;;;;;;;8690565040720;;;;;;;;;;;;In stock;;;;
;1;PINAR BREAKFAST CREAM 100G;Home;4.7500;;;;;;;;;;;;8690565012673;;;;;;;;;;;;In stock;;;;
;1;AL RAWABI LEMONADE 200ML;Home;1.5000;;;;;;;;;;;;6291030108062;;;;;;;;;;;;In stock;;;;
;1;AL RAWABI BERRY COCKTAIL 200ML;Home;1.5000;;;;;;;;;;;;6291030103043;;;;;;;;;;;;In stock;;;;
;1;KELLOGGS CORN FLAKES 24G;Home;3.5000;;;;;;;;;;;;5050083393693;;;;;;;;;;;;In stock;;;;
;1;AL RAWABI  LOW FAT YOGHURT 170G;Home;1.2500;;;;;;;;;;;;6291030400166;;;;;;;;;;;;In stock;;;;
;1;AL RAWABI LOW FAT YOGHURT 400G;Home;3.2500;;;;;;;;;;;;6291030400159;;;;;;;;;;;;In stock;;;;
;1;AL AIN WATER 5LTR;Home;4.5000;;;;;;;;;;;;6291100850075;;;;;;;;;;;;In stock;;;;
;1;DETTOL MAC 4IN1 AQUA 900ML;Home;15.0000;;;;;;;;;;;;6295120001509;;;;;;;;;;;;In stock;;;;
;1;GILLETE 7 O CLOCK BLADE;Home;1.5000;;;;;;;;;;;;3014260316648;;;;;;;;;;;;In stock;;;;
;1;AL RAWABI LOW FAT YOGHURT 1KG;Home;7.5000;;;;;;;;;;;;6291030400098;;;;;;;;;;;;In stock;;;;
;1;AQUAFINA WATER 600ML;Home;1.0000;;;;;;;;;;;;012000811395;;;;;;;;;;;;In stock;;;;
;1;AL RAWABI STRAWBERRY MILK 500ML;Home;3.5000;;;;;;;;;;;;6291030500040;;;;;;;;;;;;In stock;;;;
;1;AL RAWABI CHOCOLATE MILK 200ML;Home;1.7500;;;;;;;;;;;;6291030501023;;;;;;;;;;;;In stock;;;;
;1;GATORADE GRAPE 500ML;Home;5.0000;;;;;;;;;;;;4803925061110;;;;;;;;;;;;In stock;;;;
;1;PINAR LABNEH  WITH ZATAR 200G;Home;9.2500;;;;;;;;;;;;8690565030745;;;;;;;;;;;;In stock;;;;
;1;BE NATURAL FRUIT & NUT 50G;Home;7.5000;;;;;;;;;;;;9300771784880;;;;;;;;;;;;In stock;;;;
;1;AL RAWABI CHOCOLATE MILK 500ML;Home;3.5000;;;;;;;;;;;;6291030501016;;;;;;;;;;;;In stock;;;;
;1;AL RAWABI FC YOGHURT 400G;Home;3.2500;;;;;;;;;;;;6291030400142;;;;;;;;;;;;In stock;;;;
;1;AL RAWABI ORANGE CARROT JUICE 500 ML;Home;3.2500;;;;;;;;;;;;6291030920152;;;;;;;;;;;;In stock;;;;
;1;GATORADE PINK LEMONADE PET 500ML;Home;5.0000;;;;;;;;;;;;4803925062155;;;;;;;;;;;;In stock;;;;
;1;AL RAWABI MILK RICE PLAIN 150G;Home;2.0000;;;;;;;;;;;;6291030860014;;;;;;;;;;;;In stock;;;;
;1;A/G BREAD CRUMBS PLAIN 425G;Home;8.7500;;;;;;;;;;;;717273501508;;;;;;;;;;;;In stock;;;;
;1;BOY BAWANG CORNICK ADOBO 100G;Home;2.5000;;;;;;;;;;;;4809011681095;;;;;;;;;;;;In stock;;;;
;1;ALMARAI LF LABAN 1 LTR;Home;7.0000;;;;;;;;;;;;6281007118231;;;;;;;;;;;;In stock;;;;
;1;HE SHAMPOO IGNITE MY COLOUR 400ML;Home;17.0000;;;;;;;;;;;;5011321609341;;;;;;;;;;;;In stock;;;;
;1;AL RAWABI ROBIVIA LF LABAN 500ML;Home;3.5000;;;;;;;;;;;;6291030300220;;;;;;;;;;;;In stock;;;;
;1;AL RAWABI ROBIVIA LF LABAN 200ML;Home;1.7500;;;;;;;;;;;;6291030504017;;;;;;;;;;;;In stock;;;;
;1;KELLOGGS SPECIAL K OATS&HONEY 375G;Home;25.0000;;;;;;;;;;;;5050083533921;;;;;;;;;;;;In stock;;;;
;1;PLEDGE FURNITURE POLISH 250ML;Home;13.7500;;;;;;;;;;;;6281100870630;;;;;;;;;;;;In stock;;;;
;1;MR MUSCLE WINDEX ORIGINAL 768ML;Home;11.5000;;;;;;;;;;;;6281100870692;;;;;;;;;;;;In stock;;;;
;1;DRANO CRYSTALS 18OZ;Home;18.0000;;;;;;;;;;;;019800001131;;;;;;;;;;;;In stock;;;;
;1;DRANO LIQUID 32OZ;Home;13.0000;;;;;;;;;;;;019800001162;;;;;;;;;;;;In stock;;;;
;1;TOBLERONE MINI BAY 200G;Home;14.7500;;;;;;;;;;;;7622200009176;;;;;;;;;;;;In stock;;;;
;1;ALMARAI FETA CHEESE 200G;Home;6.2500;;;;;;;;;;;;6281007021937;;;;;;;;;;;;In stock;;;;
;1;ORAL B 3 EFFECT MEDIUM 40;Home;6.5000;;;;;;;;;;;;8888826016588;;;;;;;;;;;;In stock;;;;
;1;PAMPERS PREMIUM CARE 4 LARGE 7-18;Home;35.0000;;;;;;;;;;;;4015400309185;;;;;;;;;;;;In stock;;;;
;1;PAMPERS AB 3 MEDIUM 4-9;Home;19.0000;;;;;;;;;;;;4015400405948;;;;;;;;;;;;In stock;;;;
;1;TIDE FRONT LOARD 1.5KG 10% OFF;Home;21.0000;;;;;;;;;;;;5413149972926;;;;;;;;;;;;In stock;;;;
;1;ARIEL GREEN COLOUR 3KG 10%OFF;Home;41.7500;;;;;;;;;;;;5413149903067;;;;;;;;;;;;In stock;;;;
;1;ARIEL GREEN 3KG 10%OFF;Home;41.7500;;;;;;;;;;;;5413149902855;;;;;;;;;;;;In stock;;;;
;1;HEAD&SHOULDERS HAIRFALL DEFENSE 400ML;Home;22.7500;;;;;;;;;;;;5011321525832;;;;;;;;;;;;In stock;;;;
;1;HEAD%SHOULDERS HAIR ENDURANCE 400ML;Home;22.0000;;;;;;;;;;;;5011321656390;;;;;;;;;;;;In stock;;;;
;1;GILLETTE BLUE AFTER SHAVE LOTION 100ML;Home;33.0000;;;;;;;;;;;;7702018883820;;;;;;;;;;;;In stock;;;;
;1;555 SARDINES HOT 155G;Home;2.5000;;;;;;;;;;;;748485200026;;;;;;;;;;;;In stock;;;;
;1;555 SARDINES 155G;Home;2.5000;;;;;;;;;;;;748485200019;;;;;;;;;;;;In stock;;;;
;1;CENTURY TUNA CALDERETA 180G;Home;5.0000;;;;;;;;;;;;748485100166;;;;;;;;;;;;In stock;;;;
;1;CENTURY TUNA FLAKES IN VEG OIL 180G;Home;5.5000;;;;;;;;;;;;748485100081;;;;;;;;;;;;In stock;;;;
;1;LUCKY ME NOODLES KALAMANSI 60G;Home;1.5000;;;;;;;;;;;;4807770270123;;;;;;;;;;;;In stock;;;;
;1;LUCKY ME NOODLES BEEF 55G;Home;1.5000;;;;;;;;;;;;4807770270017;;;;;;;;;;;;In stock;;;;
;1;GLADE CANDLE FRENCH VANILLA 113G;Home;18.5000;;;;;;;;;;;;046500157165;;;;;;;;;;;;In stock;;;;
;1;DUBAI MACARONI SPAGHETTI 400G;Home;3.7500;;;;;;;;;;;;6291047030394;;;;;;;;;;;;In stock;;;;
;1;CG GRAPE LEAVES 16OZ;Home;24.2500;;;;;;;;;;;;032894011077;;;;;;;;;;;;In stock;;;;
;1;3M SINGLE NAILSAVER 1CT;Home;3.7500;;;;;;;;;;;;8690734357369;;;;;;;;;;;;In stock;;;;
;1;CENTURY TUNA ADOBO 180G;Home;5.0000;;;;;;;;;;;;748485100111;;;;;;;;;;;;In stock;;;;
;1;CENTURY TUNA CORNED TUNA 180G;Home;5.5000;;;;;;;;;;;;748485102313;;;;;;;;;;;;In stock;;;;
;1;CENTURY TUNA MECHADO 180G;Home;5.0000;;;;;;;;;;;;748485100142;;;;;;;;;;;;In stock;;;;
;1;CENTURY TUNA HOT 7 SPICY 180G;Home;5.5000;;;;;;;;;;;;748485100098;;;;;;;;;;;;In stock;;;;
;1;JACK & JILL CHIPPY BBQ 110G;Home;3.7500;;;;;;;;;;;;4800016643095;;;;;;;;;;;;In stock;;;;
;1;JACK & JILL CHIPPY CHILLI&CHEESE 110G;Home;3.7500;;;;;;;;;;;;4800016641503;;;;;;;;;;;;In stock;;;;
;1;LAYS CHIPS YOGURT & HERBS 185G;Home;6.2500;;;;;;;;;;;;6281036108807;;;;;;;;;;;;In stock;;;;
;1;OISHY PRAWN CRACKERS SPICY 50X60GM;Home;2.7500;;;;;;;;;;;;4800194105965;;;;;;;;;;;;In stock;;;;
;1;OISHY PRAWN CRACKERS REGULAR50X60GM;Home;2.7500;;;;;;;;;;;;4891208040136;;;;;;;;;;;;In stock;;;;
;1;AL MARAI BANANA MILK 150ML;Home;1.7500;;;;;;;;;;;;6281007020305;;;;;;;;;;;;In stock;;;;
;1;QUAKER WHITE OATS 500G;Home;10.0000;;;;;;;;;;;;8710100101218;;;;;;;;;;;;In stock;;;;
;1;"MAMA SITA""S TAMARIND MIX 50GM";Home;3.5000;;;;;;;;;;;;025407803108;;;;;;;;;;;;In stock;;;;
;1;H&S SHAMPOO ANTI BREAKAGE 200ML;Home;12.0000;;;;;;;;;;;;5011321525801;;;;;;;;;;;;In stock;;;;
;1;LINDT SWISS TRADITION DELUXE 215G;Home;60.0000;;;;;;;;;;;;7610400075572;;;;;;;;;;;;In stock;;;;
;1;MR MUSCLE WINDEX BERRIES 768ML;Home;11.5000;;;;;;;;;;;;6281100870715;;;;;;;;;;;;In stock;;;;
;1;MR MUSCLE WINDEX LIME 768ML;Home;11.5000;;;;;;;;;;;;6281100871934;;;;;;;;;;;;In stock;;;;
;1;PAMPERS PREMIUM CARE CP JUNIOR 5X21;Home;35.0000;;;;;;;;;;;;4015400309246;;;;;;;;;;;;In stock;;;;
;1;JACK&JILL NACHO CHEESE MR. CHIPS 100GM;Home;3.7500;;;;;;;;;;;;4800016653094;;;;;;;;;;;;In stock;;;;
;1;TOILET TISSUE SANITA CLUB4ROLL;Home;8.7500;;;;;;;;;;;;6281017202630;;;;;;;;;;;;In stock;;;;
;1;PLEDGE FURNITURE POLISH ORANGE 300ML;Home;13.7500;;;;;;;;;;;;6281100872719;;;;;;;;;;;;In stock;;;;
;1;JACK&JILL ROLLER CASTER-85G;Home;4.0000;;;;;;;;;;;;4800016661099;;;;;;;;;;;;In stock;;;;
;1;LUCKY ME PANCIT CANTON SPICY 60G;Home;1.5000;;;;;;;;;;;;4807770272554;;;;;;;;;;;;In stock;;;;
;1;LIPTON CLEAR GREEN TEA PEAR &PEACH FLAVOR 320ML;Home;2.0000;;;;;;;;;;;;6281168001793;;;;;;;;;;;;In stock;;;;
;1;JACK&JILL TOSTILLASNACHO CHEESE72G;Home;4.0000;;;;;;;;;;;;4800016652134;;;;;;;;;;;;In stock;;;;
;1;SHEBA CIG TUNA &PRAWN 80G;Home;6.5000;;;;;;;;;;;;6294001810575;;;;;;;;;;;;In stock;;;;
;1;GILLET VENUS PASSION RAZOR;Home;25.0000;;;;;;;;;;;;3014260262709;;;;;;;;;;;;In stock;;;;
;1;GILLET VENUS 4S;Home;60.0000;;;;;;;;;;;;3014260285425;;;;;;;;;;;;In stock;;;;
;1;ARIEL 1.5KG;Home;26.0000;;;;;;;;;;;;5410076278107;;;;;;;;;;;;In stock;;;;
;1;WHISKAS CAT FOOD OCEAN FISH 1.4KG;Home;28.0000;;;;;;;;;;;;9310022866104;;;;;;;;;;;;In stock;;;;
;1;CREST TP SALTPOWER FRESHMINT;Home;6.7500;;;;;;;;;;;;5013965896613;;;;;;;;;;;;In stock;;;;
;1;LIFCO GREEN PIECE 400G;Home;4.5000;;;;;;;;;;;;783963002372;;;;;;;;;;;;In stock;;;;
;1;LIPTON EXHOTIC FRUIT 320ML;Home;2.5000;;;;;;;;;;;;6281168001830;;;;;;;;;;;;In stock;;;;
;1;AL RAWABI KIWI&LIME JUICE 1L;Home;6.5000;;;;;;;;;;;;6291030930021;;;;;;;;;;;;In stock;;;;
;1;AL RAWABI KIWI&LIME JUICE 500ML;Home;3.2500;;;;;;;;;;;;6291030930038;;;;;;;;;;;;In stock;;;;
;1;AL RAWABI KIWI &LIME 200ML;Home;1.5000;;;;;;;;;;;;6291030930045;;;;;;;;;;;;In stock;;;;
;1;PHILIPS ENERGY SAVER 11W;Home;13.7500;;;;;;;;;;;;8727900871081;;;;;;;;;;;;In stock;;;;
;1;IMATION DVD+RW 4.7GB;Home;10.0000;;;;;;;;;;;;051122199172;;;;;;;;;;;;In stock;;;;
;1;BAHLESN NUSS DESERT125G;Home;12.2500;;;;;;;;;;;;4017100134005;;;;;;;;;;;;In stock;;;;
;1;BAHLSEN DELICE 100G;Home;12.2500;;;;;;;;;;;;4017100265006;;;;;;;;;;;;In stock;;;;
;1;GLADE CANDLE LAVENDER&VANNILA;Home;18.5000;;;;;;;;;;;;046500715877;;;;;;;;;;;;In stock;;;;
;1;AMERICANA SHISH KABAB MUTTON 600G;Home;22.2500;;;;;;;;;;;;6281050115256;;;;;;;;;;;;In stock;;;;
;1;AMERICANA CHICKEN FRIES 250G;Home;16.7500;;;;;;;;;;;;6281050114839;;;;;;;;;;;;In stock;;;;
;1;PALMOLIVE MINERAL MASSAGE 250G;Home;12.5000;;;;;;;;;;;;8714789514635;;;;;;;;;;;;In stock;;;;
;1;DUREX PLAY 2IN1 MESSAGE 200ML;Home;31.0000;;;;;;;;;;;;5038483960684;;;;;;;;;;;;In stock;;;;
;1;PALMOLIVE SHOWER CREAM OLIVE & MILK  2502ML;Home;11.0000;;;;;;;;;;;;8003520028365;;;;;;;;;;;;In stock;;;;
;1;MCCAIN WEDGES 750G;Home;14.5000;;;;;;;;;;;;8710438079265;;;;;;;;;;;;In stock;;;;
;1;Golden Alex - Cut Green Beans 400gm;Home;3.5000;;;;;;;;;;;;783963002204;;;;;;;;;;;;In stock;;;;
;1;WHISKAS CHIC&TUNA 1.4KG HAIRBALL;Home;28.0000;;;;;;;;;;;;8853301400114;;;;;;;;;;;;In stock;;;;
;1;AL MARAI ORANGE & CARROT 200ML;Home;1.5000;;;;;;;;;;;;6281007030830;;;;;;;;;;;;In stock;;;;
;1;MODERN BAKERY ENERGY BAR PEANUT;Home;170;;;;;;;;;;;;6.2500;;;;;;;;;;;;In stock;;;;
;1;MODERN BAKERY ENERGY BAR CRANBERRY;Home;7;;;;;;;;;;;;4.0000;;;;;;;;;;;;In stock;;;;
;1;MODERN BAKERY ENERGY BAR MANGO;Home;7;;;;;;;;;;;;4.0000;;;;;;;;;;;;In stock;;;;
;1;FANTA ORANGE 355ML LE;Home;1.5000;;;;;;;;;;;;5449000043405;;;;;;;;;;;;In stock;;;;
;1;FREEZ ICE LEMON 275ML;Home;3.2500;;;;;;;;;;;;762571500043;;;;;;;;;;;;In stock;;;;
;1;RENUZIT RENEW AFTER THE RAIN;Home;17.0000;;;;;;;;;;;;023400998210;;;;;;;;;;;;In stock;;;;
;1;PEARS HAND WASH HYPOALLERGENIC 237ML;Home;9.2500;;;;;;;;;;;;8901030005237;;;;;;;;;;;;In stock;;;;
;1;RENUZIT SUPER ODOR NEUTRALIZER;Home;6.0000;;;;;;;;;;;;023400350001;;;;;;;;;;;;In stock;;;;
;1;AL BAWADI EGGS 15 PCS;Home;11.5000;;;;;;;;;;;;6473040040024;;;;;;;;;;;;In stock;;;;
;1;ACQUA MORELLI SPARKLING WATER 750ML;Home;7.0000;;;;;;;;;;;;4025127029327;;;;;;;;;;;;In stock;;;;
;1;ACQUA MORELLI SPARKLING WATER 250ML;Home;4.2500;;;;;;;;;;;;42265436;;;;;;;;;;;;In stock;;;;
;1;DUNHILL CARLTON BLEND 1MG;Home;10.0000;;;;;;;;;;;;76124006;;;;;;;;;;;;In stock;;;;
;1;PASEO ELEGANT KITCHEN TOWEL 2 ROLLS;Home;11.0000;;;;;;;;;;;;8993053411027;;;;;;;;;;;;In stock;;;;
;1;PASEO ELEGANT BATHROOM 10 ROLLS;Home;18.2500;;;;;;;;;;;;8993053211092;;;;;;;;;;;;In stock;;;;
;1;PASEO ELEGANT BATHROOM 4 ROLLS;Home;12.7500;;;;;;;;;;;;8993053211122;;;;;;;;;;;;In stock;;;;
;1;PASEO ELEGANT BATHROOM 4 ROLLS;Home;12.2500;;;;;;;;;;;;8993053211108;;;;;;;;;;;;In stock;;;;
;1;PASEO ELEGANT BATHROOM 2 ROLLS;Home;6.0000;;;;;;;;;;;;8993053211115;;;;;;;;;;;;In stock;;;;
;1;RYMAH BASMATI RICE 5KG;Home;65.0000;;;;;;;;;;;;2800002688132;;;;;;;;;;;;In stock;;;;
;1;RYMAH BASMATI RICE 2KG;Home;26.0000;;;;;;;;;;;;9854566322318;;;;;;;;;;;;In stock;;;;
;1;FRUTESSA STRAWBERRY JAM 420G;Home;6.0000;;;;;;;;;;;;8713500005674;;;;;;;;;;;;In stock;;;;
;1;LACTASOY SOYMILK HI CALCIUM;Home;2.5000;;;;;;;;;;;;8850267112143;;;;;;;;;;;;In stock;;;;
;1;STORM 300ML;Home;1.0000;;;;;;;;;;;;5449000200082;;;;;;;;;;;;In stock;;;;
;1;AMERICAN CLASSIC WHOLE MUSHHROOMS  400G;Home;4.5000;;;;;;;;;;;;6901009000265;;;;;;;;;;;;In stock;;;;
;1;STORM 2.25L;Home;4.0000;;;;;;;;;;;;5449000203601;;;;;;;;;;;;In stock;;;;
;1;TOWER SHORTHAND BOOK;Home;3.5000;;;;;;;;;;;;6291019007492;;;;;;;;;;;;In stock;;;;
;1;SONY CD-RW;Home;8.0000;;;;;;;;;;;;4901780860272;;;;;;;;;;;;In stock;;;;
;1;BUNNY-LUV PEELED CARROTS 340G;Home;7.7500;;;;;;;;;;;;033383666006;;;;;;;;;;;;In stock;;;;
;1;SADIA CHICKEN BURGERS 672G;Home;24.2500;;;;;;;;;;;;7893000452763;;;;;;;;;;;;In stock;;;;
;1;NIVEA MEN STRESS PROTECT DEO SPRAY 150ML;Home;13.2500;;;;;;;;;;;;4005808716937;;;;;;;;;;;;In stock;;;;
;1;HAWANA DISPOSAABLE TIPS SHEESHA;Home;10.0000;;;;;;;;;;;;6294002550692;;;;;;;;;;;;In stock;;;;
;1;LOYAL PLAYING CARDS;Home;5.5000;;;;;;;;;;;;1000002708811;;;;;;;;;;;;In stock;;;;
;1;COOL & COOL HAND SANITIZER FLORA FRESH 60ML;Home;8.0000;;;;;;;;;;;;5060068551147;;;;;;;;;;;;In stock;;;;
;1;COOL & COOL TRAVELLING WIPES ALCOHOL FREE;Home;3.7500;;;;;;;;;;;;5060068550850;;;;;;;;;;;;In stock;;;;
;1;VINYL DISPOSABLE VINYL GLOVES SIZE L;Home;15.0000;;;;;;;;;;;;1112079540130;;;;;;;;;;;;In stock;;;;
;1;AMERICANA CHICKEN KIEV WITH GARLIC BUTTER;Home;28.0000;;;;;;;;;;;;6281050114150;;;;;;;;;;;;In stock;;;;
;1;AMERICANA CHICKEN BALLS 336G;Home;14.7500;;;;;;;;;;;;6281050114129;;;;;;;;;;;;In stock;;;;
;1;AMERICANA CHICKEN STRIPS 750G;Home;32.0000;;;;;;;;;;;;6281050114891;;;;;;;;;;;;In stock;;;;
;1;MANI SALTED CASHEWS 13G;Home;1.2500;;;;;;;;;;;;6294008140255;;;;;;;;;;;;In stock;;;;
;1;MANI SALTED PEANUTS 13G;Home;1.2500;;;;;;;;;;;;6294008140248;;;;;;;;;;;;In stock;;;;
;1;MANI SALTED PISTACHIOS 13G;Home;1.2500;;;;;;;;;;;;6294008140262;;;;;;;;;;;;In stock;;;;
;1;MANI HOT & SPICY PEANUTS 13G;Home;1.2500;;;;;;;;;;;;6294008100587;;;;;;;;;;;;In stock;;;;
;1;MANI WHITE FIGS 260G;Home;37.0000;;;;;;;;;;;;6294008100020;;;;;;;;;;;;In stock;;;;
;1;WHISKAS IN GRAVY WITH BEEF 85G;Home;2.7500;;;;;;;;;;;;058496022778;;;;;;;;;;;;In stock;;;;
;1;WHISKAS IN JELLY WITH TUNA 85G;Home;2.7500;;;;;;;;;;;;8853301550017;;;;;;;;;;;;In stock;;;;
;1;PRNGLES XTRA CHEESY NACHO CHEESE 165G;Home;8.0000;;;;;;;;;;;;5050083917370;;;;;;;;;;;;In stock;;;;
;1;PLEDGE WOOD FLOORS & FURNITURE 5IN1 750ML;Home;16.7500;;;;;;;;;;;;5000204604610;;;;;;;;;;;;In stock;;;;
;1;AK RAWABI ROBIVIA FRESH LABAN FULL FAT 200ML;Home;1.7500;;;;;;;;;;;;6291030300077;;;;;;;;;;;;In stock;;;;
;1;AL RAWABI STRAWBERRY MILK 200ML;Home;1.7500;;;;;;;;;;;;6291030500064;;;;;;;;;;;;In stock;;;;
;1;AL RAWABI ORANGE JUICE 200ML;Home;1.5000;;;;;;;;;;;;6291030100073;;;;;;;;;;;;In stock;;;;
;1;AL RAWABI MANGO JUICE 200ML;Home;1.5000;;;;;;;;;;;;6291030101063;;;;;;;;;;;;In stock;;;;
;1;AL RAWABI POMEGRANATE JUICE 200ML;Home;1.7500;;;;;;;;;;;;6291030940051;;;;;;;;;;;;In stock;;;;
;1;AL RAWABI ORANGE CARROT JUICE 200ML;Home;1.5000;;;;;;;;;;;;6291030100646;;;;;;;;;;;;In stock;;;;
;1;AL RAWABI RED ORANGE 200ML;Home;1.5000;;;;;;;;;;;;6291030104057;;;;;;;;;;;;In stock;;;;
;1;AL RAWABI FRUIT COCKTAIL 200ML;Home;1.5000;;;;;;;;;;;;6291030105047;;;;;;;;;;;;In stock;;;;
;1;DAVIDOFF CAFE RICH AROMA 250G;Home;29.0000;;;;;;;;;;;;4006067046810;;;;;;;;;;;;In stock;;;;
;1;SANTA BREMOR SMOKED SALMON 200G;Home;44.0000;;;;;;;;;;;;4810168014650;;;;;;;;;;;;In stock;;;;
;1;ZOTT ZOTTIS CHOCOLATE DESSERT 115G;Home;3.2500;;;;;;;;;;;;40338637;;;;;;;;;;;;In stock;;;;
;1;ZOTT ZOTTIS CHOCOLATE  VANILLA DESSERT 115G;Home;3.2500;;;;;;;;;;;;40338651;;;;;;;;;;;;In stock;;;;
;1;ZOTT ZOTTIS FRUIT DESSERT 115G;Home;3.0000;;;;;;;;;;;;40338576;;;;;;;;;;;;In stock;;;;
;1;ZOTT MONTE DESSERT PRESERVATIVE FREE  55G;Home;3.7500;;;;;;;;;;;;40338736;;;;;;;;;;;;In stock;;;;
;1;ZOTT ZOTTIS SMOOTH 150G;Home;4.0000;;;;;;;;;;;;4014500506937;;;;;;;;;;;;In stock;;;;
;1;SANTA BREMOR MUSSELS IN BRINE 250G;Home;19.0000;;;;;;;;;;;;4810168025168;;;;;;;;;;;;In stock;;;;
;1;SANTA BREMOR SHRIMP IN BRINE 250G;Home;29.5000;;;;;;;;;;;;4810168025151;;;;;;;;;;;;In stock;;;;
;1;YOGHURT WITH STRAWBERRY 300G;Home;9.7500;;;;;;;;;;;;4820096015841;;;;;;;;;;;;In stock;;;;
;1;YOGHURT WITH BLUEBERRY 300G;Home;9.7500;;;;;;;;;;;;4820096015889;;;;;;;;;;;;In stock;;;;
;1;YOGHURT WITH CHERRY 300G;Home;9.7500;;;;;;;;;;;;4820096015803;;;;;;;;;;;;In stock;;;;
;1;COLGATE OPTIC WHITE 75ML;Home;22.0000;;;;;;;;;;;;7891024124826;;;;;;;;;;;;In stock;;;;
;1;COLGATE PRO GUM HEALTH 75ML;Home;17.7500;;;;;;;;;;;;8850006340417;;;;;;;;;;;;In stock;;;;
;1;COLGATE PLAX FRESH TEA 250ML;Home;24.0000;;;;;;;;;;;;8850006304709;;;;;;;;;;;;In stock;;;;
;1;JACK & JILL ROADHOUSE BBQ 85G;Home;4.0000;;;;;;;;;;;;4800016633799;;;;;;;;;;;;In stock;;;;
;1;JACK & JILL CHIZ CURLS 55G;Home;3.5000;;;;;;;;;;;;4800016105098;;;;;;;;;;;;In stock;;;;
;1;JACK & JILL V CUT POTATO ONION & GARLIC 60G;Home;4.0000;;;;;;;;;;;;4800016603297;;;;;;;;;;;;In stock;;;;
;1;JACK & JILL  NOVA MULTIGRAIN HOME STYLE BBQ FLAVOR 78G;Home;4.0000;;;;;;;;;;;;4800016604232;;;;;;;;;;;;In stock;;;;
;1;JACK & JILL  NOVA MULTIGRAIN COUNTRY CHEDDAR FLAVOR 78G;Home;4.0000;;;;;;;;;;;;4800016663505;;;;;;;;;;;;In stock;;;;
;1;AL RAWABI LOW FAT MILK 1L;Home;6.7500;;;;;;;;;;;;6291030201039;;;;;;;;;;;;In stock;;;;
;1;AL RAWABI LOW FAT FRESH MILK 500ML;Home;3.2500;;;;;;;;;;;;6291030201046;;;;;;;;;;;;In stock;;;;
;1;CRUNCHOS ASSORTED MIX NUTS 110G;Home;10.5000;;;;;;;;;;;;5038572210133;;;;;;;;;;;;In stock;;;;
;1;AL RAWABI LOW FAT FRESH MILK 2L;Home;11.0000;;;;;;;;;;;;6291030201022;;;;;;;;;;;;In stock;;;;
;1;AL RAWABI ORANGE JUICE 500ML;Home;3.0000;;;;;;;;;;;;6291030100042;;;;;;;;;;;;In stock;;;;
;1;AL RAWABI RED GRAPE JUICE 500ML;Home;3.0000;;;;;;;;;;;;6291030109045;;;;;;;;;;;;In stock;;;;
;1;AL RAWABI FRUIT COCKTAIL 500ML;Home;3.0000;;;;;;;;;;;;6291030105061;;;;;;;;;;;;In stock;;;;
;1;CREST PRO-EXPERT WHITENING 100ML;Home;11.0000;;;;;;;;;;;;4015600540944;;;;;;;;;;;;In stock;;;;
;1;AL MARAI MILKSHAKE STRAWBERRY & WHITE CHOCOLATE 340ML;Home;4.0000;;;;;;;;;;;;6281007026611;;;;;;;;;;;;In stock;;;;
;1;AL MARAI MILKSHAKE DOUBLE CHOCOLATE 340ML;Home;4.0000;;;;;;;;;;;;6281007028486;;;;;;;;;;;;In stock;;;;
;1;PANTENE SMOOTH & SILKY CONDITIONER 400ML;Home;19.5000;;;;;;;;;;;;5410076881505;;;;;;;;;;;;In stock;;;;
;1;PANTENE CLASSIC CARE 2IN1 SHAMPOO 400ML;Home;19.0000;;;;;;;;;;;;5410076651788;;;;;;;;;;;;In stock;;;;
;1;PANTENE ANTI HAIR FALL SHAMPOO 400ML;Home;19.0000;;;;;;;;;;;;5410076881840;;;;;;;;;;;;In stock;;;;
;1;PANTENE NATURE FUSION CONDITIONER  400ML;Home;19.7500;;;;;;;;;;;;5410076648894;;;;;;;;;;;;In stock;;;;
;1;HEAD & SHOULDERS CLASSIC CLEAN CONDITIONER 360ML;Home;22.0000;;;;;;;;;;;;5410076896516;;;;;;;;;;;;In stock;;;;
;1;HEAD & SHOULDERS ANTI-HAIRFALL CONDITIONER 360ML;Home;22.0000;;;;;;;;;;;;5410076896578;;;;;;;;;;;;In stock;;;;
;1;OLD SPICE ORIGINAL AFTER SHAVE;Home;23.0000;;;;;;;;;;;;5000174858440;;;;;;;;;;;;In stock;;;;
;1;CAMAY ROMANTIQUE SHOWER GEL 250ML;Home;12.7500;;;;;;;;;;;;5013965803529;;;;;;;;;;;;In stock;;;;
;1;AL RAWABI ORANGE JUICE 1L;Home;6.2500;;;;;;;;;;;;6291030100035;;;;;;;;;;;;In stock;;;;
;1;AL RAWABI ORANGE JUICE 2L;Home;11.0000;;;;;;;;;;;;6291030100028;;;;;;;;;;;;In stock;;;;
;1;AL RAWABI FRUIOT YO;Home;1.7500;;;;;;;;;;;;6291030401026;;;;;;;;;;;;In stock;;;;
;1;AL RAWABI APRICOT YOGHURT 130G;Home;1.7500;;;;;;;;;;;;6291030401057;;;;;;;;;;;;In stock;;;;
;1;AL RAWABI PINEAPPLE YOGHURT 130G;Home;1.7500;;;;;;;;;;;;6291030401088;;;;;;;;;;;;In stock;;;;
;1;AL RAWABI RED GRAPE JUICE 1L;Home;6.2500;;;;;;;;;;;;6291030109038;;;;;;;;;;;;In stock;;;;
;1;AL RAWABI LOW FAT MILK OMEGA 3 1L;Home;10.5000;;;;;;;;;;;;6291030108246;;;;;;;;;;;;In stock;;;;
;1;AL RAWABI GUAVA JUICE 200ML;Home;1.5000;;;;;;;;;;;;6291030100677;;;;;;;;;;;;In stock;;;;
;1;AL RAWABI APPLE JUICE 200ML;Home;1.5000;;;;;;;;;;;;6291030106037;;;;;;;;;;;;In stock;;;;
;1;CLOROX FOR COLORS FLORAL 0.95L;Home;13.0000;;;;;;;;;;;;6281065073206;;;;;;;;;;;;In stock;;;;
;1;GILLETTE PRO ANTIPERSPIRANT DRY TECH 150ML;Home;14.0000;;;;;;;;;;;;7702018023608;;;;;;;;;;;;In stock;;;;
;1;ORAL B PRO FLEX M;Home;21.5000;;;;;;;;;;;;3014260015848;;;;;;;;;;;;In stock;;;;
;1;ORAL B SATIN FLOS 25M;Home;14.2500;;;;;;;;;;;;5010622018258;;;;;;;;;;;;In stock;;;;
;1;GLAD CLING WRAP 100 SQ.FT.;Home;7.7500;;;;;;;;;;;;6291105650151;;;;;;;;;;;;In stock;;;;
;1;GLAD FREEZER BAGS GALLON SIZE;Home;13.5000;;;;;;;;;;;;6291105650106;;;;;;;;;;;;In stock;;;;
;1;GLAD SANDWICH ZIPPER BAGS 50BAGS;Home;10.0000;;;;;;;;;;;;6291105650113;;;;;;;;;;;;In stock;;;;
;1;GILLETTE MACH 3 IRRITATION DEFENSE 200ML;Home;15.0000;;;;;;;;;;;;7702018291014;;;;;;;;;;;;In stock;;;;
;1;GILLETTE PRO ANTIPERSPIRANT SPORT 48STICK 48ML;Home;14.5000;;;;;;;;;;;;7702018271726;;;;;;;;;;;;In stock;;;;
;1;GILLETTE PRO ANTIPERSPIRANT 3X TRIPLE PROTECTION SYSTEM 45ML;Home;11.5000;;;;;;;;;;;;7702018270255;;;;;;;;;;;;In stock;;;;
;1;WONKA NERDS LEMONADE WILD CHERRY APPLE WATERMELON;Home;5.5000;;;;;;;;;;;;07935729;;;;;;;;;;;;In stock;;;;
;1;WONKA NERDS SOUR AMPED APPLE;Home;5.5000;;;;;;;;;;;;07973923;;;;;;;;;;;;In stock;;;;
;1;BIG BEAR ENERGY DRINK 250ML;Home;6.0000;;;;;;;;;;;;8437003091018;;;;;;;;;;;;In stock;;;;
;1;CHERRY TOMATOES 250G;Home;11.0000;;;;;;;;;;;;8717202270002;;;;;;;;;;;;In stock;;;;
;1;CALIFORNIA STRAWBERRIES;Home;21.5000;;;;;;;;;;;;033383200057;;;;;;;;;;;;In stock;;;;
;1;AL MARAI COOKING CREAM 500ML;Home;15.5000;;;;;;;;;;;;6281007022057;;;;;;;;;;;;In stock;;;;
;1;GOLDEN FORK BAKERY FRUIT BUN;Home;2.0000;;;;;;;;;;;;0000123457859;;;;;;;;;;;;In stock;;;;
;1;AL RAWABI OMEGA 3 MILK 200ML;Home;2.5000;;;;;;;;;;;;6291030108260;;;;;;;;;;;;In stock;;;;
;1;AL RAWABI SKIMMED MILK 1L;Home;6.7500;;;;;;;;;;;;6291030202036;;;;;;;;;;;;In stock;;;;
;1;AL RAWABI MANGO JUICE 1L;Home;6.2500;;;;;;;;;;;;6291030101032;;;;;;;;;;;;In stock;;;;
;1;AL RAWABI FRUIT COCKTAIL 2L;Home;11.5000;;;;;;;;;;;;6291030105023;;;;;;;;;;;;In stock;;;;
;1;AL RAWABI RED ORANGE 2L;Home;11.5000;;;;;;;;;;;;6291030104026;;;;;;;;;;;;In stock;;;;
;1;AL RAWABI FULL FAT YOGHURT 90G;Home;1.0000;;;;;;;;;;;;6291030400340;;;;;;;;;;;;In stock;;;;
;1;AL RAWABI NUTREE BOOST 200ML;Home;2.2500;;;;;;;;;;;;6291030403044;;;;;;;;;;;;In stock;;;;
;1;ALWAYS ULTRA THIN VALUE PACK 16PCS;Home;14.7500;;;;;;;;;;;;6291104748262;;;;;;;;;;;;In stock;;;;
;1;ALWAYS ULTRA THIN 14PCS;Home;14.5000;;;;;;;;;;;;6291104748286;;;;;;;;;;;;In stock;;;;
;1;AL AIN TOMATO PASTE 135G;Home;1.5000;;;;;;;;;;;;6291100001194;;;;;;;;;;;;In stock;;;;
;1;AL AIN TOMATO PASTE 200G;Home;2.7500;;;;;;;;;;;;6291100001354;;;;;;;;;;;;In stock;;;;
;1;CAPRI-SUN STRAWBERRY COOLER 200ML;Home;1.5000;;;;;;;;;;;;6291100850341;;;;;;;;;;;;In stock;;;;
;1;CAPRI-SUN MIXED FRUIT DRINK 10PCS;Home;13.5000;;;;;;;;;;;;6291100850464;;;;;;;;;;;;In stock;;;;
;1;CAPRI-SUN MANGO 200ML;Home;1.5000;;;;;;;;;;;;6291100850334;;;;;;;;;;;;In stock;;;;
;1;CAPRI-SUN ORANGE 200ML;Home;1.5000;;;;;;;;;;;;6291100850327;;;;;;;;;;;;In stock;;;;
;1;GILLETTE BLUE II 5 PLUS 1 MACH3;Home;17.0000;;;;;;;;;;;;7702018294671;;;;;;;;;;;;In stock;;;;
;1;CHESTERFIELD SILVER;Home;6.5000;;;;;;;;;;;;62901086;;;;;;;;;;;;In stock;;;;
;1;BOISSON COCO TREE 330ML;Home;3.5000;;;;;;;;;;;;8885011190023;;;;;;;;;;;;In stock;;;;
;1;PHILIPS ESSENTIAL 50W;Home;11.2500;;;;;;;;;;;;8711500887696;;;;;;;;;;;;In stock;;;;
;1;AL RAWABI FULL CREAM LABAN 500ML;Home;3.5000;;;;;;;;;;;;6291030300046;;;;;;;;;;;;In stock;;;;
;1;BAHLSEN LEIBNIZ WHOLEMEAL BISCUITS 200G;Home;9.0000;;;;;;;;;;;;4017100113000;;;;;;;;;;;;In stock;;;;
;1;WALKERS SHORTBREAD FINGERS 40G;Home;3.7500;;;;;;;;;;;;039047001169;;;;;;;;;;;;In stock;;;;
;1;CASTANIA EXTRA NUTS 500G;Home;59.5000;;;;;;;;;;;;5281009276336;;;;;;;;;;;;In stock;;;;
;1;CASTANIA SUPER EXTRA NUTS 500G;Home;64.5000;;;;;;;;;;;;5281009276329;;;;;;;;;;;;In stock;;;;
;1;CASTANIA MIXED NUTS NO CHOLESTEROL NO SALT 500G;Home;71.0000;;;;;;;;;;;;5281009276367;;;;;;;;;;;;In stock;;;;
;1;FAIRY CHAMOMILE 750L;Home;11.7500;;;;;;;;;;;;5410076811137;;;;;;;;;;;;In stock;;;;
;1;FAIRY LEMON 1L;Home;12.5000;;;;;;;;;;;;5410076811007;;;;;;;;;;;;In stock;;;;
;1;HAAGEN-DAZS SECRET SENSATION CREME BRULEE  386G;Home;29.0000;;;;;;;;;;;;3415584602118;;;;;;;;;;;;In stock;;;;
;1;PRINGLES XTRA KICKIN SOUR CREAM & ONION 150G;Home;8.0000;;;;;;;;;;;;7844949917349;;;;;;;;;;;;In stock;;;;
;1;PRINGLES XTRA KICKIN SOUR CREAM & ONION 150G;Home;8.0000;;;;;;;;;;;;5050083917349;;;;;;;;;;;;In stock;;;;
;1;AL RAWABI GUAVA 1L;Home;6.2500;;;;;;;;;;;;6291030000090;;;;;;;;;;;;In stock;;;;
;1;JUNIOR MINI CROISSANT 10+1FREE;Home;19.0000;;;;;;;;;;;;6287003070504;;;;;;;;;;;;In stock;;;;
;1;MERBA DOUBLE CHOCOLATE COOKIES 200G;Home;16.2500;;;;;;;;;;;;8710502100864;;;;;;;;;;;;In stock;;;;
;1;MERBA WHITE CHOCOLATE & CRANBERRY COOKIES 200G;Home;16.2500;;;;;;;;;;;;8710502154027;;;;;;;;;;;;In stock;;;;
;1;DARK CHOCOLATE & HAZELNUT COOKIES 200G;Home;16.2500;;;;;;;;;;;;8710502007866;;;;;;;;;;;;In stock;;;;
;1;AL RAWABI LEMONADE 1L;Home;5.5000;;;;;;;;;;;;6291030108017;;;;;;;;;;;;In stock;;;;
;1;AL RAWABI FRUIT COCKTAIL 1L;Home;6.2500;;;;;;;;;;;;6291030105030;;;;;;;;;;;;In stock;;;;
;1;AL RAWABI ORANGE JUICE NO SUGAR 1L;Home;6.2500;;;;;;;;;;;;6291030100615;;;;;;;;;;;;In stock;;;;
;1;KOSMONTE FOODS CHICKEN SALAMI 500G;Home;17.5000;;;;;;;;;;;;8711659036785;;;;;;;;;;;;In stock;;;;
;1;KITCO STIX LIGHY SALTED 45G;Home;3.0000;;;;;;;;;;;;6271001310502;;;;;;;;;;;;In stock;;;;
;1;KITCO STIX PAPRIKA 45G;Home;3.0000;;;;;;;;;;;;6271001330456;;;;;;;;;;;;In stock;;;;
;1;KITCO STIX SOUR CREAM & ONION 45G;Home;3.0000;;;;;;;;;;;;6271001380451;;;;;;;;;;;;In stock;;;;
;1;KITCO STIX GRILLED CHICKEN 45G;Home;3.0000;;;;;;;;;;;;6271001360453;;;;;;;;;;;;In stock;;;;
;1;KITCO STIX RED HOT CHILI 45G;Home;3.0000;;;;;;;;;;;;6271001370452;;;;;;;;;;;;In stock;;;;
;1;KITCO STIX HOT & SPICY 45G;Home;3.0000;;;;;;;;;;;;6271001300503;;;;;;;;;;;;In stock;;;;
;1;KITCO STIX SALT & VINEGAR 45G;Home;3.0000;;;;;;;;;;;;6271001390450;;;;;;;;;;;;In stock;;;;
;1;KITCO STIX TOMATO KETCHUP 45G;Home;3.0000;;;;;;;;;;;;6271001320501;;;;;;;;;;;;In stock;;;;
;1;HOW 2 LIVE CHOCOLATE COCONUT DRINK 330ML;Home;4.7500;;;;;;;;;;;;5704416404371;;;;;;;;;;;;In stock;;;;
;1;SANPELLEGRINO LIMONATA 330ML;Home;4.7500;;;;;;;;;;;;8002270066535;;;;;;;;;;;;In stock;;;;
;1;AL RAWABI LEMON & MINT 1L;Home;6.5000;;;;;;;;;;;;6291030109113;;;;;;;;;;;;In stock;;;;
;1;AL RAWABI RED ORANGE 500ML;Home;3.2500;;;;;;;;;;;;6291030104040;;;;;;;;;;;;In stock;;;;
;1;AL RAWABI LEMON & MINT 500ML;Home;3.2500;;;;;;;;;;;;6291030109168;;;;;;;;;;;;In stock;;;;
;1;AL RAWABI ORANGE JUICE NO SUGAR 2L;Home;11.7500;;;;;;;;;;;;6291030100608;;;;;;;;;;;;In stock;;;;
;1;AL RAWABI ORANGE CARROT JUICE L;Home;6.2500;;;;;;;;;;;;6291030100639;;;;;;;;;;;;In stock;;;;
;1;AL RAWABI LEMON & MINT 200ML;Home;1.5000;;;;;;;;;;;;6291030109175;;;;;;;;;;;;In stock;;;;
;1;AL RAWABI BLACKBERRY & RASPBERRY YOGHORT 130G;Home;1.7500;;;;;;;;;;;;6291030401040;;;;;;;;;;;;In stock;;;;
;1;L` USINE CHEESE CROSSANT 60G;Home;2.0000;;;;;;;;;;;;6281100084044;;;;;;;;;;;;In stock;;;;
;1;MC CAIN ONION RINGS 400G;Home;18.5000;;;;;;;;;;;;8710438058765;;;;;;;;;;;;In stock;;;;
;1;MC CAIN TRADITION 750G;Home;15.0000;;;;;;;;;;;;8710438040227;;;;;;;;;;;;In stock;;;;
;1;MC CAIN CRINKLE CUT 750G;Home;16.0000;;;;;;;;;;;;055773080179;;;;;;;;;;;;In stock;;;;
;1;MC CAIN SUPER CRISP 750G;Home;16.0000;;;;;;;;;;;;055773080001;;;;;;;;;;;;In stock;;;;
;1;SONY DVD+RW 4.7GB;Home;4.7500;;;;;;;;;;;;027242852884;;;;;;;;;;;;In stock;;;;
;1;PHILIPS 23W ENERGY SAVER;Home;18.2500;;;;;;;;;;;;8710163396637;;;;;;;;;;;;In stock;;;;
;1;PHILIPS 60W CLEAR;Home;2.2500;;;;;;;;;;;;8710163075655;;;;;;;;;;;;In stock;;;;
;1;PHILPIS 100W CLEAR;Home;2.2500;;;;;;;;;;;;8710163075624;;;;;;;;;;;;In stock;;;;
;1;PHILIPS ESSENTIAL 50W HALOGEN;Home;11.7500;;;;;;;;;;;;8718291195238;;;;;;;;;;;;In stock;;;;
;1;SELF ADHESIVE TAPE;Home;4.0000;;;;;;;;;;;;1000002710357;;;;;;;;;;;;In stock;;;;
;1;LINDT SWISS TRADITION DE LUXE 145G;Home;39.0000;;;;;;;;;;;;7610400075565;;;;;;;;;;;;In stock;;;;
;1;HERO MIXED FRUITS 340G;Home;13.0000;;;;;;;;;;;;6221024270192;;;;;;;;;;;;In stock;;;;
;1;HERO PINEAPPLE PRESERVE 340G;Home;13.0000;;;;;;;;;;;;6221024270437;;;;;;;;;;;;In stock;;;;
;1;HERO STRAWBERRY JAM 340G;Home;13.0000;;;;;;;;;;;;6221024270017;;;;;;;;;;;;In stock;;;;
;1;PASEO FACIAL TISSUE 6pcs;Home;20.0000;;;;;;;;;;;;8993053118049;;;;;;;;;;;;In stock;;;;
;1;CENTURY TUNA CHUNKS IN VEGETALE OIL 184G;Home;7.5000;;;;;;;;;;;;748485100043;;;;;;;;;;;;In stock;;;;
;1;MAMA SITAS TAMARIND MIX HOT 50G;Home;3.7500;;;;;;;;;;;;025407806093;;;;;;;;;;;;In stock;;;;
;1;NAMPLA OYSTER FISH SAUCE 700ML;Home;7.2500;;;;;;;;;;;;8850213107001;;;;;;;;;;;;In stock;;;;
;1;RUFINA FISH SAUCE 750ML;Home;5.2500;;;;;;;;;;;;037398012087;;;;;;;;;;;;In stock;;;;
